{"1.XIX CONVENIO COLECT. ESTATAL EMPRESAS CONSULTORIA_TECNOLOGIAS DE LA INF._ESTUDIOS DE MERCADO Y DE LA OPINION PUBLICA (1).pdf": {"size": 790490, "mtime": 1747802774.4744487, "last_processed": 1747802778.764093}, "1SY-F8199-SC MANUAL DE USUARIO SZ150D.pdf": {"size": 2894901, "mtime": 1747804105.5119944, "last_processed": 1747804110.433663}, "bitcoin.pdf": {"size": 184292, "mtime": 1747805578.3606577, "last_processed": 1747805581.2135823}}